timestamp,value
4/27/2017 14:43,19.67860335
4/27/2017 14:43,19.67860335
4/27/2017 14:43,19.67860335
4/27/2017 14:43,19.67860335
4/27/2017 14:43,19.67860335
4/27/2017 8:43,21.86011173
4/26/2017 14:40,22.2450838
4/26/2017 2:40,20.57687151
4/25/2017 14:40,19.42195531
4/25/2017 2:40,20.19189944
4/24/2017 14:40,18.65201117
4/24/2017 2:40,20.57687151
4/23/2017 14:40,19.80692737
4/23/2017 2:40,20.96184358
4/22/2017 14:40,19.9352514
4/21/2017 14:40,20.19189944
4/21/2017 8:40,21.34681564
4/21/2017 2:40,21.86011173
4/20/2017 14:40,20.96184358
4/19/2017 14:40,21.60346369
4/18/2017 14:40,22.63005587
4/18/2017 8:40,22.75837989
4/18/2017 2:40,23.01502793
4/17/2017 14:40,22.88670391
4/16/2017 14:40,23.27167598
4/16/2017 2:40,24.04162011
4/15/2017 14:40,24.29826816
4/15/2017 2:40,25.19653631
4/14/2017 14:40,25.06821229
4/14/2017 2:40,26.35145251
4/13/2017 14:40,27.37804469
4/13/2017 2:39,28.91793296
4/12/2017 2:39,13.00575419
4/11/2017 14:39,12.74910615
4/11/2017 2:39,13.51905028
4/10/2017 14:39,12.87743017
4/10/2017 2:39,13.00575419
4/9/2017 14:39,13.13407821
4/9/2017 2:39,13.90402235
4/8/2017 14:39,13.90402235
4/8/2017 2:39,14.54564246
4/7/2017 2:39,15.31558659
4/6/2017 14:39,15.05893855
4/5/2017 14:39,15.18726257
4/5/2017 2:39,15.70055866
4/4/2017 14:39,15.44391061
4/4/2017 2:39,15.70055866
4/3/2017 14:39,15.9572067
4/3/2017 2:39,16.34217877
4/2/2017 14:39,16.21385475
4/2/2017 2:39,16.59882682
4/1/2017 14:39,16.72715084
4/1/2017 2:39,16.98379888
3/31/2017 14:39,16.85547486
3/31/2017 2:39,17.49709497
3/30/2017 14:39,17.62541899
3/29/2017 14:39,18.26703911
3/29/2017 2:39,18.7803352
3/28/2017 14:39,18.65201117
3/27/2017 14:39,19.29363128
3/26/2017 14:39,19.80692737
3/26/2017 2:39,20.57687151
3/25/2017 14:39,20.44854749
3/25/2017 2:39,20.70519553
3/24/2017 14:38,20.57687151
3/24/2017 2:38,20.32022346
3/23/2017 14:38,19.42195531
3/23/2017 2:38,19.9352514
3/22/2017 14:38,19.80692737
3/22/2017 2:38,20.57687151
3/21/2017 14:38,20.44854749
3/21/2017 2:38,20.57687151
3/20/2017 14:38,20.70519553
3/20/2017 2:38,21.21849162
3/18/2017 14:38,21.60346369
3/18/2017 2:38,22.2450838
3/17/2017 14:38,21.98843575
3/16/2017 2:38,23.14335196
3/15/2017 14:38,23.14335196
3/15/2017 2:38,23.65664804
3/14/2017 14:38,23.52832402
3/14/2017 2:38,24.29826816
3/13/2017 2:38,24.93988827
3/12/2017 2:38,25.58150838
3/11/2017 14:38,25.7098324
3/10/2017 14:38,26.99307263
3/10/2017 2:38,27.63469274
3/9/2017 14:38,27.89134078
3/9/2017 2:38,28.53296089
3/8/2017 14:38,28.91793296
3/8/2017 2:38,29.68787709
3/7/2017 14:38,30.32949721
3/7/2017 2:38,31.35608939
3/5/2017 14:38,33.40927374
3/5/2017 2:37,31.09944134
3/4/2017 14:37,26.35145251
3/4/2017 2:37,17.24044693
3/3/2017 14:37,17.24044693
3/2/2017 14:37,17.62541899
3/2/2017 2:37,17.75374302
3/1/2017 14:37,15.9572067
3/1/2017 2:37,16.34217877
2/28/2017 14:37,16.34217877
2/28/2017 2:37,16.72715084
2/27/2017 14:37,16.21385475
2/27/2017 2:37,16.47050279
2/26/2017 14:37,16.72715084
2/26/2017 2:37,17.11212291
2/25/2017 14:37,16.98379888
2/24/2017 14:37,17.49709497
2/24/2017 2:37,18.01039106
2/23/2017 14:37,17.88206704
2/22/2017 14:37,18.26703911
2/22/2017 2:37,18.39536313
2/20/2017 14:37,18.7803352
2/20/2017 2:37,19.16530726
2/19/2017 14:37,19.29363128
2/19/2017 8:37,19.67860335
2/19/2017 2:37,19.55027933
2/18/2017 14:37,19.55027933
2/18/2017 2:37,20.06357542
2/17/2017 14:37,19.67860335
2/17/2017 2:37,20.32022346
2/16/2017 20:37,20.44854749
2/16/2017 14:37,20.32022346
2/16/2017 2:36,20.57687151
2/13/2017 2:36,22.63005587
2/12/2017 14:36,22.88670391
2/12/2017 2:36,23.14335196
2/11/2017 14:36,23.14335196
2/10/2017 14:36,23.27167598
2/10/2017 2:36,23.91329609
2/9/2017 14:36,24.16994413
2/9/2017 2:36,24.42659218
2/8/2017 14:36,24.29826816
2/8/2017 2:36,24.29826816
2/7/2017 14:36,23.4
2/7/2017 2:36,18.39536313
2/6/2017 20:36,18.52368715
2/6/2017 14:36,18.26703911
2/6/2017 8:36,18.52368715
2/6/2017 2:36,18.26703911
2/5/2017 14:36,17.24044693
2/5/2017 8:36,16.59882682
2/5/2017 2:36,15.70055866
2/4/2017 14:36,13.00575419
2/4/2017 2:36,12.62078212
2/3/2017 14:36,12.10748603
2/3/2017 2:36,12.23581006
2/2/2017 20:36,12.23581006
2/2/2017 2:36,12.4924581
2/1/2017 14:36,12.4924581
2/1/2017 2:36,12.4924581
1/31/2017 20:36,12.36413408
1/31/2017 14:36,12.4924581
1/31/2017 8:36,12.62078212
1/30/2017 14:35,12.74910615
1/29/2017 14:35,13.00575419
1/29/2017 2:35,13.26240223
1/28/2017 20:35,13.39072626
1/28/2017 14:35,13.51905028
1/28/2017 8:35,13.6473743
1/28/2017 2:35,13.77569832
1/27/2017 14:35,13.51905028
1/27/2017 2:35,13.51905028
1/26/2017 14:35,13.51905028
1/25/2017 14:35,13.51905028
1/25/2017 2:35,13.77569832
1/24/2017 14:35,13.39072626
1/24/2017 2:35,13.51905028
1/23/2017 14:35,13.51905028
1/23/2017 2:35,13.6473743
1/22/2017 14:35,13.77569832
1/21/2017 14:35,13.77569832
1/21/2017 2:35,13.77569832
1/20/2017 14:35,13.6473743
1/20/2017 8:35,13.51905028
1/20/2017 2:35,13.77569832
1/19/2017 20:35,13.51905028
1/19/2017 14:35,13.51905028
1/19/2017 2:35,13.6473743
1/18/2017 14:35,13.6473743
1/18/2017 2:35,14.03234637
1/17/2017 14:35,13.77569832
1/17/2017 2:35,13.77569832
1/16/2017 14:34,13.51905028
1/16/2017 2:34,13.77569832
1/15/2017 14:34,13.51905028
1/15/2017 2:34,13.6473743
1/14/2017 14:34,13.77569832
1/14/2017 2:34,13.77569832
1/13/2017 14:34,13.77569832
1/13/2017 2:34,13.77569832
1/12/2017 14:34,13.26240223
1/12/2017 2:34,13.51905028
1/11/2017 2:34,13.77569832
1/10/2017 14:34,13.51905028
1/10/2017 2:34,13.77569832
1/9/2017 2:34,13.77569832
1/8/2017 2:34,14.16067039
1/7/2017 14:34,14.67396648
1/7/2017 2:34,14.8022905
1/6/2017 2:34,14.41731844
1/5/2017 2:34,14.67396648
1/4/2017 14:34,14.54564246
1/3/2017 14:34,14.67396648
1/3/2017 2:34,14.8022905
1/2/2017 14:34,14.67396648
12/26/2016 14:33,14.93061453
12/26/2016 2:33,15.18726257
12/25/2016 2:33,15.57223464
12/24/2016 2:33,15.82888268
12/23/2016 14:33,16.08553073
12/23/2016 2:33,15.70055866
12/22/2016 14:33,15.05893855
12/22/2016 2:33,10.82424581
12/21/2016 14:33,10.69592179
12/21/2016 2:33,11.08089385
12/20/2016 14:33,10.95256983
12/20/2016 2:33,10.95256983
12/19/2016 14:33,10.95256983
12/19/2016 2:33,11.08089385
12/18/2016 14:33,10.95256983
12/18/2016 2:33,10.95256983
12/17/2016 14:33,10.82424581
12/16/2016 14:32,10.69592179
12/15/2016 14:32,10.95256983
12/15/2016 2:32,11.08089385
12/14/2016 14:32,10.95256983
12/14/2016 2:32,11.08089385
12/13/2016 14:32,10.95256983
12/13/2016 2:32,10.95256983
12/12/2016 14:32,10.82424581
12/12/2016 2:32,11.08089385
12/11/2016 14:32,10.82424581
12/10/2016 14:32,11.08089385
12/9/2016 14:32,10.56759777
12/9/2016 2:32,11.3375419
12/8/2016 2:32,11.46586592
12/6/2016 14:32,11.3375419
12/6/2016 2:32,11.72251397
12/5/2016 14:32,11.08089385
12/5/2016 2:32,12.10748603
12/4/2016 14:32,11.59418994
12/4/2016 2:32,12.36413408
12/3/2016 2:32,11.97916201
12/2/2016 14:32,11.72251397
12/2/2016 2:32,11.85083799
12/1/2016 2:32,12.23581006
11/30/2016 14:31,12.74910615
11/30/2016 2:31,13.51905028
11/29/2016 14:31,13.6473743
11/29/2016 2:31,13.90402235
11/28/2016 2:31,13.26240223
11/27/2016 14:31,13.13407821
11/27/2016 2:31,13.00575419
11/26/2016 14:31,13.26240223
11/25/2016 14:31,13.77569832
11/25/2016 8:31,13.90402235
11/25/2016 2:31,13.6473743
11/24/2016 8:31,13.77569832
11/24/2016 2:31,13.51905028
11/22/2016 2:31,14.16067039
11/21/2016 14:31,14.28899441
11/21/2016 2:31,14.41731844
11/21/2016 2:31,14.41731844
11/20/2016 14:31,14.8022905
11/20/2016 2:31,14.8022905
11/19/2016 14:31,15.05893855
11/19/2016 2:31,15.70055866
11/18/2016 14:31,15.82888268
11/17/2016 14:31,15.57223464
11/17/2016 2:31,15.70055866
11/16/2016 14:31,15.82888268
11/16/2016 2:31,15.82888268
11/15/2016 14:31,15.70055866
11/15/2016 12:28,16.21385475
11/15/2016 12:26,16.34217877
11/15/2016 12:26,16.47050279
11/15/2016 12:25,16.21385475
11/15/2016 2:31,18.52368715
11/14/2016 14:31,18.65201117
11/14/2016 2:31,19.29363128
11/13/2016 14:31,19.03698324
11/13/2016 2:30,19.29363128
11/12/2016 14:30,18.26703911
11/12/2016 2:30,18.7803352
11/11/2016 14:30,18.39536313
11/11/2016 2:30,17.88206704
11/10/2016 14:30,17.36877095
11/9/2016 14:30,17.36877095
11/9/2016 2:30,17.75374302
11/8/2016 14:30,18.26703911
11/7/2016 15:48,19.9352514
11/7/2016 15:44,60
11/7/2016 15:38,60
11/7/2016 14:30,60
11/7/2016 12:30,60
11/7/2016 10:30,60
11/7/2016 8:32,60
11/7/2016 2:30,60
11/7/2016 0:30,60
11/6/2016 22:30,60
11/6/2016 16:30,60
11/6/2016 12:30,60
11/6/2016 10:30,60
11/6/2016 4:30,60
11/6/2016 2:30,60
11/6/2016 0:30,60
11/5/2016 22:30,60
11/5/2016 18:30,60
11/5/2016 14:30,60
11/5/2016 12:30,60
11/5/2016 6:30,60
11/5/2016 4:30,60
11/5/2016 0:30,60
11/4/2016 18:30,60
11/4/2016 16:30,60
11/4/2016 12:30,60
11/4/2016 10:30,60
11/4/2016 6:30,60
11/4/2016 4:30,60
11/4/2016 2:30,60
11/4/2016 0:30,60
11/3/2016 22:30,60
11/3/2016 16:29,60
11/3/2016 14:29,60
11/3/2016 12:29,60
11/3/2016 10:29,60
11/3/2016 6:30,60
11/3/2016 4:30,60
11/3/2016 2:30,60
11/3/2016 0:30,60
11/2/2016 18:30,60
11/2/2016 16:30,60
11/2/2016 14:30,60
11/2/2016 12:30,60
11/2/2016 6:30,60
11/2/2016 2:30,60
11/2/2016 0:30,60
11/1/2016 22:30,60
11/1/2016 18:30,60
11/1/2016 16:29,60
11/1/2016 14:29,60
11/1/2016 12:29,60
11/1/2016 10:29,60
11/1/2016 4:29,60
11/1/2016 2:29,60
10/31/2016 22:29,60
10/31/2016 18:29,60
10/31/2016 14:29,60
10/31/2016 12:29,60
10/31/2016 6:29,60
10/31/2016 4:29,60
10/31/2016 2:29,60
10/30/2016 22:29,60
10/30/2016 18:29,60
10/30/2016 16:29,60
10/30/2016 12:29,60
10/30/2016 10:29,60
10/30/2016 6:29,60
10/30/2016 4:29,60
10/30/2016 2:29,60
10/30/2016 0:29,60
10/29/2016 22:29,60
10/29/2016 18:29,60
10/29/2016 16:29,60
10/29/2016 14:29,60
10/29/2016 10:29,60
10/29/2016 2:29,60
10/29/2016 0:29,60
10/28/2016 22:29,60
10/28/2016 10:29,60
10/28/2016 6:29,60
10/28/2016 4:29,60
10/28/2016 0:29,60
10/27/2016 22:29,60
10/27/2016 14:30,8.001117318
10/26/2016 14:30,8.129441341
10/26/2016 2:29,8.129441341
10/25/2016 14:29,7.872793296
10/24/2016 14:29,7.872793296
10/23/2016 14:29,7.744469274
10/22/2016 14:29,7.872793296
10/22/2016 2:29,7.872793296
10/21/2016 14:29,7.744469274
10/21/2016 2:29,7.872793296
10/20/2016 2:29,8.129441341
10/19/2016 14:29,7.744469274
10/19/2016 2:29,8.001117318
10/18/2016 14:29,7.744469274
10/18/2016 2:29,8.001117318
10/17/2016 14:29,7.616145251
10/17/2016 2:29,7.616145251
10/16/2016 14:29,7.359497207
10/16/2016 2:29,8.129441341
10/15/2016 14:29,7.872793296
10/15/2016 2:29,8.129441341
10/14/2016 2:29,8.386089385
10/13/2016 20:28,8.386089385
10/13/2016 14:28,8.386089385
10/13/2016 8:37,7.359497207
10/13/2016 8:36,0.045027933
10/13/2016 8:35,0.173351955
10/7/2016 11:33,17.62541899
10/5/2016 17:33,17.36877095
10/4/2016 5:32,17.88206704
10/3/2016 17:32,17.49709497
10/3/2016 5:32,18.39536313
10/2/2016 5:32,18.39536313
10/1/2016 9:32,18.39536313
10/1/2016 7:32,18.39536313
10/1/2016 5:32,18.39536313
10/1/2016 3:32,18.26703911
9/30/2016 19:32,18.26703911
9/30/2016 17:32,18.26703911
9/30/2016 15:32,18.13871508
9/30/2016 9:32,18.52368715
9/30/2016 7:32,18.65201117
9/30/2016 5:32,18.52368715
9/29/2016 19:32,18.39536313
9/29/2016 17:32,18.26703911
9/29/2016 13:32,18.52368715
9/29/2016 9:32,19.03698324
9/29/2016 5:32,19.03698324
9/29/2016 3:32,19.16530726
9/29/2016 1:32,19.16530726
9/28/2016 21:32,18.90865922
9/28/2016 19:32,18.90865922
9/28/2016 9:32,19.42195531
9/28/2016 7:32,19.67860335
9/28/2016 5:32,19.80692737
9/28/2016 1:32,19.80692737
9/27/2016 21:32,20.32022346
9/27/2016 19:32,20.19189944
9/27/2016 17:32,20.19189944
9/27/2016 15:32,20.19189944
9/27/2016 9:32,21.0901676
9/27/2016 5:32,21.21849162
9/27/2016 3:32,21.34681564
9/27/2016 1:32,21.34681564
9/26/2016 19:32,21.21849162
9/26/2016 17:32,21.21849162
9/26/2016 15:32,21.21849162
9/26/2016 13:32,21.34681564
9/26/2016 9:32,21.98843575
9/26/2016 7:32,22.11675978
9/26/2016 5:32,22.11675978
9/26/2016 3:32,22.11675978
9/26/2016 1:32,21.98843575
9/25/2016 21:32,22.11675978
9/25/2016 19:32,21.98843575
9/25/2016 17:32,21.98843575
9/25/2016 15:32,22.11675978
9/25/2016 13:32,22.37340782
9/25/2016 9:32,22.37340782
9/25/2016 7:32,22.63005587
9/25/2016 5:32,22.88670391
9/25/2016 3:32,22.88670391
9/25/2016 1:32,22.88670391
9/24/2016 19:32,22.75837989
9/24/2016 17:32,22.75837989
9/24/2016 15:32,22.88670391
9/24/2016 13:32,23.01502793
9/24/2016 9:32,23.78497207
9/24/2016 7:32,24.16994413
9/24/2016 5:32,24.04162011
9/24/2016 3:32,24.04162011
9/24/2016 1:32,24.04162011
9/23/2016 19:32,23.91329609
9/23/2016 17:32,23.78497207
9/23/2016 15:32,24.16994413
9/23/2016 5:32,25.06821229
9/23/2016 3:32,25.06821229
9/23/2016 1:32,25.06821229
9/22/2016 21:32,24.93988827
9/22/2016 19:32,24.81156425
9/22/2016 17:32,25.06821229
9/22/2016 15:32,24.93988827
9/22/2016 13:32,25.19653631
9/22/2016 9:32,25.83815642
9/22/2016 7:32,26.09480447
9/22/2016 3:32,26.09480447
9/22/2016 1:32,25.96648045
9/21/2016 21:32,25.96648045
9/21/2016 19:32,25.96648045
9/21/2016 15:32,25.83815642
9/21/2016 13:32,25.96648045
9/21/2016 9:32,26.47977654
9/21/2016 5:32,26.8647486
9/21/2016 3:32,26.8647486
9/20/2016 19:32,26.60810056
9/20/2016 17:32,26.60810056
9/20/2016 15:32,26.8647486
9/20/2016 13:32,26.73642458
9/20/2016 9:32,27.24972067
9/20/2016 7:32,27.24972067
9/20/2016 5:32,27.50636872
9/20/2016 1:32,27.37804469
9/19/2016 21:32,27.37804469
9/19/2016 19:32,27.24972067
9/19/2016 17:32,27.24972067
9/19/2016 15:32,27.24972067
9/19/2016 13:32,27.37804469
9/19/2016 9:32,27.63469274
9/19/2016 3:32,27.63469274
9/18/2016 21:32,27.89134078
9/18/2016 19:32,27.63469274
9/18/2016 17:32,27.50636872
9/18/2016 13:32,27.76301676
9/18/2016 7:32,28.14798883
9/18/2016 5:32,28.27631285
9/18/2016 3:32,28.27631285
9/18/2016 1:32,28.0196648
9/17/2016 21:32,28.14798883
9/17/2016 19:32,28.14798883
9/17/2016 17:32,28.14798883
9/17/2016 9:32,28.40463687
9/17/2016 7:32,28.40463687
9/17/2016 5:32,28.53296089
9/17/2016 1:32,28.66128492
9/16/2016 21:32,28.66128492
9/16/2016 19:32,28.40463687
9/16/2016 17:32,28.27631285
9/16/2016 15:32,28.27631285
9/16/2016 13:32,28.40463687
9/16/2016 9:32,28.91793296
9/16/2016 7:32,28.91793296
9/16/2016 5:32,28.91793296
9/16/2016 3:32,29.04625698
9/15/2016 21:32,29.30290503
9/15/2016 19:32,29.30290503
9/15/2016 17:32,29.30290503
9/15/2016 13:32,29.43122905
9/15/2016 9:32,29.81620112
9/15/2016 5:32,29.55955307
9/15/2016 3:32,29.17458101
9/15/2016 1:32,29.43122905
9/14/2016 21:32,28.14798883
9/14/2016 17:32,28.0196648
9/14/2016 15:32,28.0196648
9/14/2016 13:32,28.14798883
9/14/2016 9:32,28.78960894
9/14/2016 7:32,29.04625698
9/14/2016 5:32,29.30290503
9/14/2016 3:32,29.17458101
9/14/2016 1:32,29.17458101
9/13/2016 21:32,29.30290503
9/13/2016 19:32,29.43122905
9/13/2016 15:32,29.68787709
9/13/2016 13:32,29.94452514
9/13/2016 9:32,30.71446927
9/13/2016 7:32,30.97111732
9/13/2016 5:32,31.22776536
9/13/2016 3:32,31.35608939
9/12/2016 21:32,31.9977095
9/12/2016 19:32,32.25435754
9/12/2016 17:32,32.51100559
9/12/2016 15:32,33.28094972
9/12/2016 13:32,34.43586592
9/12/2016 7:32,20.96184358
9/12/2016 7:32,20.96184358
9/12/2016 5:32,21.0901676
9/12/2016 3:32,21.0901676
9/12/2016 3:32,21.0901676
9/12/2016 1:32,21.0901676
9/11/2016 21:32,21.21849162
9/11/2016 21:32,21.21849162
9/11/2016 19:32,21.34681564
9/11/2016 19:32,21.34681564
9/11/2016 17:32,21.34681564
9/11/2016 17:32,21.34681564
9/11/2016 15:32,21.21849162
9/11/2016 15:32,21.21849162
9/11/2016 13:32,21.60346369
9/11/2016 9:32,21.86011173
9/11/2016 9:32,21.86011173
9/11/2016 7:32,21.86011173
9/11/2016 7:32,21.86011173
9/11/2016 5:32,21.98843575
9/11/2016 5:32,21.98843575
9/11/2016 3:32,21.98843575
9/11/2016 1:32,21.98843575
9/10/2016 23:32,21.98843575
9/10/2016 21:32,22.11675978
9/10/2016 19:32,22.2450838
9/10/2016 19:32,22.2450838
9/10/2016 17:32,22.2450838
9/10/2016 15:32,22.37340782
9/10/2016 15:32,22.37340782
9/10/2016 13:32,22.63005587
9/10/2016 13:32,22.63005587
9/10/2016 9:32,23.27167598
9/10/2016 7:32,23.52832402
9/10/2016 5:32,23.65664804
9/10/2016 3:32,23.52832402
9/10/2016 1:32,23.65664804
9/10/2016 1:32,23.65664804
9/9/2016 21:32,23.65664804
9/9/2016 19:32,23.65664804
9/9/2016 19:32,23.65664804
9/9/2016 17:32,23.65664804
9/9/2016 15:32,23.78497207
9/9/2016 13:32,24.04162011
9/9/2016 13:32,24.04162011
9/9/2016 9:32,24.81156425
9/9/2016 7:32,25.19653631
9/9/2016 7:32,25.19653631
9/9/2016 5:32,25.06821229
9/9/2016 5:32,25.06821229
9/9/2016 3:32,25.19653631
9/9/2016 3:32,25.19653631
9/9/2016 1:32,25.06821229
9/8/2016 21:32,25.06821229
9/8/2016 21:32,25.06821229
9/8/2016 19:32,25.19653631
9/8/2016 17:32,24.93988827
9/8/2016 17:32,24.93988827
9/8/2016 15:32,25.06821229
9/8/2016 13:32,25.58150838
9/8/2016 13:32,25.58150838
9/8/2016 9:32,26.09480447
9/8/2016 7:32,26.35145251
9/8/2016 5:32,26.47977654
9/8/2016 3:32,26.35145251
9/7/2016 23:32,26.35145251
9/7/2016 21:32,26.35145251
9/7/2016 19:32,26.35145251
9/7/2016 17:32,26.22312849
9/7/2016 15:32,26.47977654
9/7/2016 13:32,26.60810056
9/7/2016 9:32,28.27631285
9/7/2016 7:32,27.63469274
9/7/2016 3:32,27.63469274
9/7/2016 1:32,27.63469274
9/6/2016 21:32,27.63469274
9/6/2016 19:32,27.63469274
9/6/2016 15:32,27.76301676
9/6/2016 13:32,27.76301676
9/6/2016 7:32,28.27631285
9/6/2016 5:32,28.27631285
9/6/2016 3:32,28.14798883
9/6/2016 1:32,28.0196648
9/5/2016 21:32,28.14798883
9/5/2016 19:32,28.14798883
9/5/2016 17:32,28.27631285
9/5/2016 15:32,28.14798883
9/5/2016 13:32,28.14798883
9/5/2016 9:32,28.27631285
9/5/2016 7:32,28.53296089
9/5/2016 5:32,28.53296089
9/5/2016 3:32,28.40463687
9/5/2016 1:32,28.40463687
9/4/2016 21:32,28.53296089
9/4/2016 19:32,28.53296089
9/4/2016 17:32,28.53296089
9/4/2016 15:32,28.40463687
9/4/2016 13:32,28.53296089
9/4/2016 7:32,29.17458101
9/4/2016 3:32,29.04625698
9/4/2016 1:32,29.17458101
9/3/2016 21:32,29.17458101
9/3/2016 19:32,29.17458101
9/3/2016 17:32,29.17458101
9/3/2016 15:32,29.43122905
9/3/2016 13:32,29.81620112
9/3/2016 9:32,30.20117318
9/3/2016 7:32,30.58614525
9/3/2016 5:32,30.71446927
9/3/2016 3:32,30.8427933
9/3/2016 1:32,30.8427933
9/2/2016 21:32,31.35608939
9/2/2016 19:32,31.48441341
9/2/2016 15:32,32.25435754
9/2/2016 13:32,32.89597765
9/2/2016 9:32,35.97575419
9/2/2016 7:32,23.4
9/2/2016 5:32,23.52832402
9/2/2016 3:32,23.52832402
9/2/2016 1:32,23.52832402
9/1/2016 19:32,23.4
9/1/2016 17:32,23.52832402
9/1/2016 15:32,23.52832402
9/1/2016 13:32,23.91329609
9/1/2016 9:32,24.5549162
9/1/2016 7:32,24.68324022
9/1/2016 5:32,24.68324022
9/1/2016 3:32,24.81156425
9/1/2016 1:32,24.68324022
8/31/2016 21:32,24.68324022
8/31/2016 19:32,24.81156425
8/31/2016 17:32,24.81156425
8/31/2016 15:32,24.81156425
8/31/2016 13:32,25.32486034
8/31/2016 9:32,25.83815642
8/31/2016 7:32,26.09480447
8/31/2016 5:32,26.22312849
8/31/2016 3:32,26.22312849
8/31/2016 1:32,26.22312849
8/30/2016 21:32,26.22312849
8/30/2016 19:32,26.09480447
8/30/2016 17:32,26.09480447
8/30/2016 5:32,27.37804469
8/30/2016 3:32,27.24972067
8/30/2016 1:32,27.24972067
8/29/2016 21:32,27.24972067
8/29/2016 19:32,27.24972067
8/29/2016 17:32,27.24972067
8/29/2016 15:32,27.37804469
8/29/2016 13:32,27.37804469
8/29/2016 7:32,27.76301676
8/29/2016 3:32,27.89134078
8/28/2016 21:32,28.14798883
8/28/2016 19:32,28.0196648
8/28/2016 17:32,28.14798883
8/28/2016 15:32,28.14798883
8/28/2016 13:32,28.40463687
8/28/2016 9:31,29.17458101
8/28/2016 7:31,29.17458101
8/28/2016 3:31,29.43122905
8/28/2016 1:31,29.55955307
8/27/2016 21:31,29.43122905
8/27/2016 19:31,29.43122905
8/27/2016 17:31,29.30290503
8/27/2016 15:31,29.55955307
8/27/2016 13:31,29.81620112
8/27/2016 9:31,30.58614525
8/27/2016 5:31,30.71446927
8/27/2016 3:31,31.09944134
8/27/2016 1:31,31.22776536
8/26/2016 21:31,31.48441341
8/26/2016 17:31,32.12603352
8/26/2016 15:31,32.51100559
8/26/2016 13:31,33.66592179
8/26/2016 7:31,19.55027933
8/26/2016 5:31,19.55027933
8/26/2016 3:31,19.55027933
8/26/2016 1:31,19.67860335
8/25/2016 19:31,19.9352514
8/25/2016 17:31,19.9352514
8/25/2016 15:31,20.06357542
8/25/2016 13:31,20.19189944
8/25/2016 9:31,20.57687151
8/25/2016 7:31,20.83351955
8/25/2016 5:31,20.83351955
8/24/2016 21:31,21.0901676
8/24/2016 19:31,21.34681564
8/24/2016 17:31,21.47513966
8/24/2016 15:31,21.47513966
8/24/2016 13:31,21.73178771
8/24/2016 3:33,22.37340782
8/24/2016 1:31,22.37340782
8/23/2016 19:31,22.37340782
8/23/2016 17:31,22.50173184
8/23/2016 15:31,22.63005587
8/23/2016 9:31,23.65664804
8/23/2016 7:31,23.91329609
8/23/2016 3:31,23.91329609
8/22/2016 19:31,23.65664804
8/22/2016 17:31,23.78497207
8/22/2016 15:31,24.16994413
8/22/2016 13:31,24.29826816
8/22/2016 9:31,25.06821229
8/22/2016 5:31,25.19653631
8/22/2016 1:31,25.19653631
8/21/2016 19:31,25.19653631
8/21/2016 17:32,25.06821229
8/21/2016 15:31,25.19653631
8/21/2016 13:31,25.45318436
8/21/2016 9:31,25.7098324
8/21/2016 3:31,25.83815642
8/20/2016 21:31,25.7098324
8/20/2016 19:31,25.83815642
8/20/2016 17:31,25.7098324
8/20/2016 15:31,25.7098324
8/20/2016 13:31,26.09480447
8/20/2016 9:31,26.73642458
8/20/2016 7:31,27.12139665
8/20/2016 1:31,26.99307263
8/19/2016 21:31,26.8647486
8/19/2016 19:31,26.8647486
8/19/2016 17:31,26.8647486
8/19/2016 15:31,26.8647486
8/19/2016 13:31,26.8647486
8/19/2016 7:31,27.50636872
8/19/2016 5:31,27.50636872
8/19/2016 3:31,27.76301676
8/19/2016 1:31,27.76301676
8/18/2016 21:31,27.63469274
8/18/2016 19:31,27.76301676
8/18/2016 15:31,27.63469274
8/18/2016 13:31,27.63469274
8/18/2016 9:31,27.76301676
8/18/2016 7:31,27.76301676
8/18/2016 5:31,27.89134078
8/18/2016 1:31,27.63469274
8/17/2016 19:31,27.63469274
8/17/2016 17:31,27.76301676
8/17/2016 15:31,27.89134078
8/17/2016 13:31,28.27631285
8/17/2016 7:31,29.17458101
8/17/2016 5:31,29.55955307
8/17/2016 3:31,29.55955307
8/17/2016 1:31,29.68787709
8/16/2016 21:31,29.94452514
8/16/2016 19:31,30.32949721
8/16/2016 13:31,32.51100559
8/16/2016 7:31,17.49709497
8/16/2016 5:31,17.62541899
8/16/2016 3:31,17.75374302
8/16/2016 1:31,17.62541899
8/15/2016 21:31,17.88206704
8/15/2016 15:31,17.88206704
8/15/2016 13:31,17.88206704
8/15/2016 9:31,18.01039106
8/15/2016 7:31,18.26703911
8/15/2016 5:31,18.39536313
8/14/2016 21:31,18.52368715
8/14/2016 19:31,18.65201117
8/14/2016 15:31,18.52368715
8/14/2016 13:31,18.90865922
8/14/2016 9:31,18.7803352
8/14/2016 7:31,18.90865922
8/14/2016 3:31,19.16530726
8/13/2016 21:31,19.29363128
8/13/2016 19:31,19.29363128
8/13/2016 15:31,19.29363128
8/13/2016 13:31,19.29363128
8/13/2016 9:31,19.55027933
8/13/2016 7:31,19.67860335
8/13/2016 5:31,19.9352514
8/13/2016 1:31,19.9352514
8/12/2016 21:31,20.06357542
8/12/2016 19:31,19.9352514
8/12/2016 17:31,20.19189944
8/12/2016 15:31,20.19189944
8/12/2016 13:32,20.19189944
8/12/2016 9:31,20.44854749
8/12/2016 7:31,20.32022346
8/12/2016 5:31,20.57687151
8/12/2016 3:31,20.44854749
8/11/2016 21:31,20.57687151
8/11/2016 19:31,20.57687151
8/11/2016 17:31,20.57687151
8/11/2016 15:31,20.57687151
8/11/2016 9:31,20.96184358
8/11/2016 7:31,21.0901676
8/11/2016 5:31,21.34681564
8/11/2016 3:31,21.34681564
8/11/2016 1:31,21.34681564
8/10/2016 19:31,21.0901676
8/10/2016 17:31,21.21849162
8/10/2016 15:31,21.21849162
8/10/2016 13:31,21.47513966
8/10/2016 7:31,21.98843575
8/10/2016 5:31,21.98843575
8/10/2016 3:31,21.98843575
8/10/2016 1:31,21.98843575
8/9/2016 19:31,21.98843575
8/9/2016 15:31,22.11675978
8/9/2016 13:31,22.2450838
8/9/2016 9:31,22.88670391
8/9/2016 5:31,22.88670391
8/9/2016 3:31,23.01502793
8/9/2016 1:31,22.88670391
8/8/2016 21:31,22.88670391
8/8/2016 15:31,23.01502793
8/8/2016 13:31,23.01502793
8/8/2016 9:31,23.4
8/8/2016 5:31,23.78497207
8/8/2016 1:31,23.78497207
8/7/2016 21:31,23.4
8/7/2016 19:31,23.4
8/7/2016 17:31,23.4
8/7/2016 13:31,23.78497207
8/7/2016 9:31,24.29826816
8/7/2016 7:31,24.5549162
8/7/2016 5:31,24.42659218
8/7/2016 3:31,24.5549162
8/7/2016 1:31,24.42659218
8/6/2016 21:31,24.29826816
8/6/2016 19:31,24.29826816
8/6/2016 17:31,24.16994413
8/6/2016 15:31,24.16994413
8/6/2016 9:31,24.81156425
8/6/2016 7:31,24.93988827
8/6/2016 1:31,24.93988827
8/5/2016 21:31,24.68324022
8/5/2016 19:31,24.68324022
8/5/2016 17:31,24.68324022
8/5/2016 13:31,24.81156425
8/5/2016 11:31,25.06821229
8/5/2016 9:31,25.32486034
8/5/2016 7:31,25.45318436
8/5/2016 1:31,25.58150838
8/4/2016 21:31,25.45318436
8/4/2016 19:31,25.32486034
8/4/2016 17:31,25.45318436
8/4/2016 15:31,25.7098324
8/4/2016 5:31,26.35145251
8/4/2016 1:31,26.60810056
8/3/2016 21:31,26.8647486
8/3/2016 19:31,26.8647486
8/3/2016 17:31,27.12139665
8/3/2016 15:31,27.37804469
8/3/2016 13:31,27.89134078
8/3/2016 7:31,21.60346369
8/3/2016 5:31,21.86011173
8/3/2016 3:31,22.11675978
8/3/2016 1:31,22.50173184
8/2/2016 21:59,22.88670391
8/2/2016 19:59,23.01502793
8/2/2016 15:59,24.81156425
8/2/2016 13:59,27.24972067
8/2/2016 12:45,34.56418994
8/2/2016 12:41,48.87527933
8/2/2016 12:37,5.947932961
