timestamp,value,anomaly_score,raw_data
8/2/2016 12:37,5.947932961,0,0.098455638
8/2/2016 12:41,48.87527933,0,0.814448739
8/2/2016 12:45,34.56418994,0,0.575751448
8/2/2016 13:59,27.24972067,0,0.453752071
8/2/2016 15:59,24.81156425,0,0.413085612
8/2/2016 19:59,23.01502793,0,0.383120852
8/2/2016 21:59,22.88670391,0,0.380980512
8/3/2016 1:31,22.50173184,0,0.374559493
8/3/2016 3:31,22.11675978,0,0.368138473
8/3/2016 5:31,21.86011173,0,0.363857793
8/3/2016 7:31,21.60346369,0,0.359577113
8/3/2016 13:31,27.89134078,0,0.464453771
8/3/2016 15:31,27.37804469,0,0.455892411
8/3/2016 17:31,27.12139665,0,0.451611731
8/3/2016 19:31,26.8647486,0,0.447331051
8/3/2016 21:31,26.8647486,0,0.447331051
8/4/2016 1:31,26.60810056,0,0.443050371
8/4/2016 5:31,26.35145251,0,0.438769691
8/4/2016 15:31,25.7098324,0,0.428067991
8/4/2016 17:31,25.45318436,0,0.423787312
8/4/2016 19:31,25.32486034,0,0.421646972
8/4/2016 21:31,25.45318436,0,0.423787312
8/5/2016 1:31,25.58150838,0,0.425927651
8/5/2016 7:31,25.45318436,0,0.423787312
8/5/2016 9:31,25.32486034,0,0.421646972
8/5/2016 11:31,25.06821229,0,0.417366292
8/5/2016 13:31,24.81156425,0,0.413085612
8/5/2016 17:31,24.68324022,0,0.410945272
8/5/2016 19:31,24.68324022,0,0.410945272
8/5/2016 21:31,24.68324022,0,0.410945272
8/6/2016 1:31,24.93988827,0,0.415225952
8/6/2016 7:31,24.93988827,0,0.415225952
8/6/2016 9:31,24.81156425,0,0.413085612
8/6/2016 15:31,24.16994413,0.060606061,0.402383912
8/6/2016 17:31,24.16994413,0,0.402383912
8/6/2016 19:31,24.29826816,0,0.404524252
8/6/2016 21:31,24.29826816,0,0.404524252
8/7/2016 1:31,24.42659218,0,0.406664592
8/7/2016 3:31,24.5549162,0,0.408804932
8/7/2016 5:31,24.42659218,0,0.406664592
8/7/2016 7:31,24.5549162,0,0.408804932
8/7/2016 9:31,24.29826816,0,0.404524252
8/7/2016 13:31,23.78497207,0,0.395962892
8/7/2016 17:31,23.4,0,0.389541872
8/7/2016 19:31,23.4,0,0.389541872
8/7/2016 21:31,23.4,0,0.389541872
8/8/2016 1:31,23.78497207,0,0.395962892
8/8/2016 5:31,23.78497207,0,0.395962892
8/8/2016 9:31,23.4,0,0.389541872
8/8/2016 13:31,23.01502793,0,0.383120852
8/8/2016 15:31,23.01502793,0,0.383120852
8/8/2016 21:31,22.88670391,0,0.380980512
8/9/2016 1:31,22.88670391,0,0.380980512
8/9/2016 3:31,23.01502793,0,0.383120852
8/9/2016 5:31,22.88670391,0,0.380980512
8/9/2016 9:31,22.88670391,0,0.380980512
8/9/2016 13:31,22.2450838,0,0.370278813
8/9/2016 15:31,22.11675978,0,0.368138473
8/9/2016 19:31,21.98843575,0,0.365998133
8/10/2016 1:31,21.98843575,0,0.365998133
8/10/2016 3:31,21.98843575,0,0.365998133
8/10/2016 5:31,21.98843575,0,0.365998133
8/10/2016 7:31,21.98843575,0,0.365998133
8/10/2016 13:31,21.47513966,0,0.357436773
8/10/2016 15:31,21.21849162,0,0.353156093
8/10/2016 17:31,21.21849162,0,0.353156093
8/10/2016 19:31,21.0901676,0,0.351015753
8/11/2016 1:31,21.34681564,0,0.355296433
8/11/2016 3:31,21.34681564,0,0.355296433
8/11/2016 5:31,21.34681564,0,0.355296433
8/11/2016 7:31,21.0901676,0,0.351015753
8/11/2016 9:31,20.96184358,0,0.348875413
8/11/2016 15:31,20.57687151,0,0.342454393
8/11/2016 17:31,20.57687151,0,0.342454393
8/11/2016 19:31,20.57687151,0,0.342454393
8/11/2016 21:31,20.57687151,0,0.342454393
8/12/2016 3:31,20.44854749,0,0.340314053
8/12/2016 5:31,20.57687151,0,0.342454393
8/12/2016 7:31,20.32022346,0,0.338173713
8/12/2016 9:31,20.44854749,0,0.340314053
8/12/2016 13:32,20.19189944,0,0.336033373
8/12/2016 15:31,20.19189944,0,0.336033373
8/12/2016 17:31,20.19189944,0,0.336033373
8/12/2016 19:31,19.9352514,0,0.331752693
8/12/2016 21:31,20.06357542,0,0.333893033
8/13/2016 1:31,19.9352514,0,0.331752693
8/13/2016 5:31,19.9352514,0,0.331752693
8/13/2016 7:31,19.67860335,0,0.327472013
8/13/2016 9:31,19.55027933,0,0.325331673
8/13/2016 13:31,19.29363128,0,0.321050994
8/13/2016 15:31,19.29363128,0,0.321050994
8/13/2016 19:31,19.29363128,0,0.321050994
8/13/2016 21:31,19.29363128,0,0.321050994
8/14/2016 3:31,19.16530726,0,0.318910654
8/14/2016 7:31,18.90865922,0,0.314629974
8/14/2016 9:31,18.7803352,0,0.312489634
8/14/2016 13:31,18.90865922,0,0.314629974
8/14/2016 15:31,18.52368715,0,0.308208954
8/14/2016 19:31,18.65201117,0,0.310349294
8/14/2016 21:31,18.52368715,0,0.308208954
8/15/2016 5:31,18.39536313,0,0.306068614
8/15/2016 7:31,18.26703911,0,0.303928274
8/15/2016 9:31,18.01039106,0,0.299647594
8/15/2016 13:31,17.88206704,0,0.297507254
8/15/2016 15:31,17.88206704,0,0.297507254
8/15/2016 21:31,17.88206704,0,0.297507254
8/16/2016 1:31,17.62541899,0,0.293226574
8/16/2016 3:31,17.75374302,0,0.295366914
8/16/2016 5:31,17.62541899,0,0.293226574
8/16/2016 7:31,17.49709497,0,0.291086234
8/16/2016 13:31,32.51100559,0,0.541506009
8/16/2016 19:31,30.32949721,0,0.50512023
8/16/2016 21:31,29.94452514,0,0.49869921
8/17/2016 1:31,29.6878771,0,0.49441853
8/17/2016 3:31,29.55955307,0,0.49227819
8/17/2016 5:31,29.55955307,0,0.49227819
8/17/2016 7:31,29.17458101,0,0.48585717
8/17/2016 13:31,28.27631285,0,0.470874791
8/17/2016 15:31,27.89134078,0,0.464453771
8/17/2016 17:31,27.76301676,0,0.462313431
8/17/2016 19:31,27.63469274,0,0.460173091
8/18/2016 1:31,27.63469274,0,0.460173091
8/18/2016 5:31,27.89134078,0,0.464453771
8/18/2016 7:31,27.76301676,0,0.462313431
8/18/2016 9:31,27.76301676,0,0.462313431
8/18/2016 13:31,27.63469274,0,0.460173091
8/18/2016 15:31,27.63469274,0,0.460173091
8/18/2016 19:31,27.76301676,0,0.462313431
8/18/2016 21:31,27.63469274,0,0.460173091
8/19/2016 1:31,27.76301676,0,0.462313431
8/19/2016 3:31,27.76301676,0,0.462313431
8/19/2016 5:31,27.50636872,0,0.458032751
8/19/2016 7:31,27.50636872,0,0.458032751
8/19/2016 13:31,26.8647486,0,0.447331051
8/19/2016 15:31,26.8647486,0,0.447331051
8/19/2016 17:31,26.8647486,0,0.447331051
8/19/2016 19:31,26.8647486,0,0.447331051
8/19/2016 21:31,26.8647486,0,0.447331051
8/20/2016 1:31,26.99307263,0,0.449471391
8/20/2016 7:31,27.12139665,0,0.451611731
8/20/2016 9:31,26.73642458,0,0.445190711
8/20/2016 13:31,26.09480447,0,0.434489011
8/20/2016 15:31,25.7098324,0,0.428067991
8/20/2016 17:31,25.7098324,0,0.428067991
8/20/2016 19:31,25.83815642,0,0.430208331
8/20/2016 21:31,25.7098324,0,0.428067991
8/21/2016 3:31,25.83815642,0,0.430208331
8/21/2016 9:31,25.7098324,0,0.428067991
8/21/2016 13:31,25.45318436,0,0.423787312
8/21/2016 15:31,25.19653631,0,0.419506632
8/21/2016 17:32,25.06821229,0,0.417366292
8/21/2016 19:31,25.19653631,0,0.419506632
8/22/2016 1:31,25.19653631,0,0.419506632
8/22/2016 5:31,25.19653631,0,0.419506632
8/22/2016 9:31,25.06821229,0,0.417366292
8/22/2016 13:31,24.29826816,0,0.404524252
8/22/2016 15:31,24.16994413,0,0.402383912
8/22/2016 17:31,23.78497207,0,0.395962892
8/22/2016 19:31,23.65664804,0,0.393822552
8/23/2016 3:31,23.91329609,0,0.398103232
8/23/2016 7:31,23.91329609,0,0.398103232
8/23/2016 9:31,23.65664804,0,0.393822552
8/23/2016 15:31,22.63005587,0,0.376699832
8/23/2016 17:31,22.50173184,0,0.374559493
8/23/2016 19:31,22.37340782,0,0.372419153
8/24/2016 1:31,22.37340782,0,0.372419153
8/24/2016 3:33,22.37340782,0,0.372419153
8/24/2016 13:31,21.73178771,0,0.361717453
8/24/2016 15:31,21.47513966,0,0.357436773
8/24/2016 17:31,21.47513966,0,0.357436773
8/24/2016 19:31,21.34681564,0,0.355296433
8/24/2016 21:31,21.0901676,0,0.351015753
8/25/2016 5:31,20.83351955,0,0.346735073
8/25/2016 7:31,20.83351955,0,0.346735073
8/25/2016 9:31,20.57687151,0,0.342454393
8/25/2016 13:31,20.19189944,0,0.336033373
8/25/2016 15:31,20.06357542,0,0.333893033
8/25/2016 17:31,19.9352514,0,0.331752693
8/25/2016 19:31,19.9352514,0,0.331752693
8/26/2016 1:31,19.67860335,0,0.327472013
8/26/2016 3:31,19.55027933,0,0.325331673
8/26/2016 5:31,19.55027933,0,0.325331673
8/26/2016 7:31,19.55027933,0,0.325331673
8/26/2016 13:31,33.66592179,0,0.560769069
8/26/2016 15:31,32.51100559,0,0.541506009
8/26/2016 17:31,32.12603352,0,0.535084989
8/26/2016 21:31,31.48441341,0,0.52438329
8/27/2016 1:31,31.22776536,0,0.52010261
8/27/2016 3:31,31.09944134,0,0.51796227
8/27/2016 5:31,30.71446927,0,0.51154125
8/27/2016 9:31,30.58614525,0,0.50940091
8/27/2016 13:31,29.81620112,0,0.49655887
8/27/2016 15:31,29.55955307,0,0.49227819
8/27/2016 17:31,29.30290503,0,0.48799751
8/27/2016 19:31,29.43122905,0,0.49013785
8/27/2016 21:31,29.43122905,0,0.49013785
8/28/2016 1:31,29.55955307,0,0.49227819
8/28/2016 3:31,29.43122905,0,0.49013785
8/28/2016 7:31,29.17458101,0,0.48585717
8/28/2016 9:31,29.17458101,0,0.48585717
8/28/2016 13:32,28.40463687,0,0.473015131
8/28/2016 15:32,28.14798883,0,0.468734451
8/28/2016 17:32,28.14798883,0,0.468734451
8/28/2016 19:32,28.0196648,0,0.466594111
8/28/2016 21:32,28.14798883,0,0.468734451
8/29/2016 3:32,27.89134078,0.524752475,0.464453771
8/29/2016 7:32,27.76301676,0,0.462313431
8/29/2016 13:32,27.37804469,0,0.455892411
8/29/2016 15:32,27.37804469,0,0.455892411
8/29/2016 17:32,27.24972067,0,0.453752071
8/29/2016 19:32,27.24972067,0,0.453752071
8/29/2016 21:32,27.24972067,0,0.453752071
8/30/2016 1:32,27.24972067,0,0.453752071
8/30/2016 3:32,27.24972067,0,0.453752071
8/30/2016 5:32,27.37804469,0,0.455892411
8/30/2016 17:32,26.09480447,0,0.434489011
8/30/2016 19:32,26.09480447,0,0.434489011
8/30/2016 21:32,26.22312849,0,0.436629351
8/31/2016 1:32,26.22312849,0,0.436629351
8/31/2016 3:32,26.22312849,0,0.436629351
8/31/2016 5:32,26.22312849,0,0.436629351
8/31/2016 7:32,26.09480447,0,0.434489011
8/31/2016 9:32,25.83815642,0,0.430208331
8/31/2016 13:32,25.32486034,0,0.421646972
8/31/2016 15:32,24.81156425,0,0.413085612
8/31/2016 17:32,24.81156425,0,0.413085612
8/31/2016 19:32,24.81156425,0,0.413085612
8/31/2016 21:32,24.68324022,0,0.410945272
9/1/2016 1:32,24.68324022,0,0.410945272
9/1/2016 3:32,24.81156425,0,0.413085612
9/1/2016 5:32,24.68324022,0,0.410945272
9/1/2016 7:32,24.68324022,0,0.410945272
9/1/2016 9:32,24.5549162,0,0.408804932
9/1/2016 13:32,23.91329609,0,0.398103232
9/1/2016 15:32,23.52832402,0,0.391682212
9/1/2016 17:32,23.52832402,0,0.391682212
9/1/2016 19:32,23.4,0,0.389541872
9/2/2016 1:32,23.52832402,0,0.391682212
9/2/2016 3:32,23.52832402,0,0.391682212
9/2/2016 5:32,23.52832402,0,0.391682212
9/2/2016 7:32,23.4,0,0.389541872
9/2/2016 9:32,35.97575419,0,0.599295188
9/2/2016 13:32,32.89597765,0,0.547927029
9/2/2016 15:32,32.25435754,0,0.537225329
9/2/2016 19:32,31.48441341,0,0.52438329
9/2/2016 21:32,31.35608939,0,0.52224295
9/3/2016 1:32,30.8427933,0,0.51368159
9/3/2016 3:32,30.8427933,0,0.51368159
9/3/2016 5:32,30.71446927,0,0.51154125
9/3/2016 7:32,30.58614525,0,0.50940091
9/3/2016 9:32,30.20117318,0,0.50297989
9/3/2016 13:32,29.81620112,0,0.49655887
9/3/2016 15:32,29.43122905,0,0.49013785
9/3/2016 17:32,29.17458101,0,0.48585717
9/3/2016 19:32,29.17458101,0,0.48585717
9/3/2016 21:32,29.17458101,0,0.48585717
9/4/2016 1:32,29.17458101,0,0.48585717
9/4/2016 3:32,29.04625698,0,0.48371683
9/4/2016 7:32,29.17458101,0,0.48585717
9/4/2016 13:32,28.53296089,0,0.47515547
9/4/2016 15:32,28.40463687,0,0.473015131
9/4/2016 17:32,28.53296089,0,0.47515547
9/4/2016 19:32,28.53296089,0,0.47515547
9/4/2016 21:32,28.53296089,0,0.47515547
9/5/2016 1:32,28.40463687,0,0.473015131
9/5/2016 3:32,28.40463687,0,0.473015131
9/5/2016 5:32,28.53296089,0,0.47515547
9/5/2016 7:32,28.53296089,0,0.47515547
9/5/2016 9:32,28.27631285,0,0.470874791
9/5/2016 13:32,28.14798883,0,0.468734451
9/5/2016 15:32,28.14798883,0,0.468734451
9/5/2016 17:32,28.27631285,0,0.470874791
9/5/2016 19:32,28.14798883,0,0.468734451
9/5/2016 21:32,28.14798883,0,0.468734451
9/6/2016 1:32,28.0196648,0,0.466594111
9/6/2016 3:32,28.14798883,0,0.468734451
9/6/2016 5:32,28.27631285,0,0.470874791
9/6/2016 7:32,28.27631285,0,0.470874791
9/6/2016 13:32,27.76301676,0,0.462313431
9/6/2016 15:32,27.76301676,0,0.462313431
9/6/2016 19:32,27.63469274,0,0.460173091
9/6/2016 21:32,27.63469274,0,0.460173091
9/7/2016 1:32,27.63469274,0,0.460173091
9/7/2016 3:32,27.63469274,0,0.460173091
9/7/2016 7:32,27.63469274,0,0.460173091
9/7/2016 9:32,28.27631285,0,0.470874791
9/7/2016 13:32,26.60810056,0,0.443050371
9/7/2016 15:32,26.47977654,0,0.440910031
9/7/2016 17:32,26.22312849,0,0.436629351
9/7/2016 19:32,26.35145251,0,0.438769691
9/7/2016 21:32,26.35145251,0,0.438769691
9/7/2016 23:32,26.35145251,0,0.438769691
9/8/2016 3:32,26.35145251,0,0.438769691
9/8/2016 5:32,26.47977654,0,0.440910031
9/8/2016 7:32,26.35145251,0,0.438769691
9/8/2016 9:32,26.09480447,0,0.434489011
9/8/2016 13:32,25.58150838,0,0.425927651
9/8/2016 13:32,25.58150838,0,0.425927651
9/8/2016 15:32,25.06821229,0,0.417366292
9/8/2016 17:32,24.93988827,0,0.415225952
9/8/2016 17:32,24.93988827,0,0.415225952
9/8/2016 19:32,25.19653631,0,0.419506632
9/8/2016 21:32,25.06821229,0,0.417366292
9/8/2016 21:32,25.06821229,0,0.417366292
9/9/2016 1:32,25.06821229,0,0.417366292
9/9/2016 3:32,25.19653631,0,0.419506632
9/9/2016 3:32,25.19653631,0,0.419506632
9/9/2016 5:32,25.06821229,0,0.417366292
9/9/2016 5:32,25.06821229,0,0.417366292
9/9/2016 7:32,25.19653631,0,0.419506632
9/9/2016 7:32,25.19653631,0,0.419506632
9/9/2016 9:32,24.81156425,0,0.413085612
9/9/2016 13:32,24.04162011,0,0.400243572
9/9/2016 13:32,24.04162011,0,0.400243572
9/9/2016 15:32,23.78497207,0,0.395962892
9/9/2016 17:32,23.65664804,0,0.393822552
9/9/2016 19:32,23.65664804,0,0.393822552
9/9/2016 19:32,23.65664804,0,0.393822552
9/9/2016 21:32,23.65664804,0,0.393822552
9/10/2016 1:32,23.65664804,0,0.393822552
9/10/2016 1:32,23.65664804,0,0.393822552
9/10/2016 3:32,23.52832402,0,0.391682212
9/10/2016 5:32,23.65664804,0,0.393822552
9/10/2016 7:32,23.52832402,0,0.391682212
9/10/2016 9:32,23.27167598,0,0.387401532
9/10/2016 13:32,22.63005587,0,0.376699832
9/10/2016 13:32,22.63005587,0,0.376699832
9/10/2016 15:32,22.37340782,0,0.372419153
9/10/2016 15:32,22.37340782,0,0.372419153
9/10/2016 17:32,22.2450838,0,0.370278813
9/10/2016 19:32,22.2450838,0,0.370278813
9/10/2016 19:32,22.2450838,0,0.370278813
9/10/2016 21:32,22.11675978,0,0.368138473
9/10/2016 23:32,21.98843575,0,0.365998133
9/11/2016 1:32,21.98843575,0,0.365998133
9/11/2016 3:32,21.98843575,0,0.365998133
9/11/2016 5:32,21.98843575,0,0.365998133
9/11/2016 5:32,21.98843575,0,0.365998133
9/11/2016 7:32,21.86011173,0,0.363857793
9/11/2016 7:32,21.86011173,0,0.363857793
9/11/2016 9:32,21.86011173,0,0.363857793
9/11/2016 9:32,21.86011173,0,0.363857793
9/11/2016 13:32,21.60346369,0,0.359577113
9/11/2016 15:32,21.21849162,0,0.353156093
9/11/2016 15:32,21.21849162,0,0.353156093
9/11/2016 17:32,21.34681564,0,0.355296433
9/11/2016 17:32,21.34681564,0,0.355296433
9/11/2016 19:32,21.34681564,0,0.355296433
9/11/2016 19:32,21.34681564,0,0.355296433
9/11/2016 21:32,21.21849162,0,0.353156093
9/11/2016 21:32,21.21849162,0,0.353156093
9/12/2016 1:32,21.0901676,0,0.351015753
9/12/2016 3:32,21.0901676,0,0.351015753
9/12/2016 3:32,21.0901676,0,0.351015753
9/12/2016 5:32,21.0901676,0,0.351015753
9/12/2016 7:32,20.96184358,0,0.348875413
9/12/2016 7:32,20.96184358,0,0.348875413
9/12/2016 13:32,34.43586592,0,0.573611109
9/12/2016 15:32,33.28094972,0,0.554348049
9/12/2016 17:32,32.51100559,0,0.541506009
9/12/2016 19:32,32.25435754,0,0.537225329
9/12/2016 21:32,31.9977095,0,0.532944649
9/13/2016 3:32,31.35608939,0,0.52224295
9/13/2016 5:32,31.22776536,0,0.52010261
9/13/2016 7:32,30.97111732,0,0.51582193
9/13/2016 9:32,30.71446927,0,0.51154125
9/13/2016 13:32,29.94452514,0,0.49869921
9/13/2016 15:32,29.6878771,0,0.49441853
9/13/2016 19:32,29.43122905,0,0.49013785
9/13/2016 21:32,29.30290503,0,0.48799751
9/14/2016 1:32,29.17458101,0,0.48585717
9/14/2016 3:32,29.17458101,0,0.48585717
9/14/2016 5:32,29.30290503,0,0.48799751
9/14/2016 7:32,29.04625698,0,0.48371683
9/14/2016 9:32,28.78960894,0,0.47943615
9/14/2016 13:32,28.14798883,0,0.468734451
9/14/2016 15:32,28.0196648,0,0.466594111
9/14/2016 17:32,28.0196648,0,0.466594111
9/14/2016 21:32,28.14798883,0,0.468734451
9/15/2016 1:32,29.43122905,0,0.49013785
9/15/2016 3:32,29.17458101,0,0.48585717
9/15/2016 5:32,29.55955307,0,0.49227819
9/15/2016 9:32,29.81620112,0,0.49655887
9/15/2016 13:32,29.43122905,0,0.49013785
9/15/2016 17:32,29.30290503,0,0.48799751
9/15/2016 19:32,29.30290503,0,0.48799751
9/15/2016 21:32,29.30290503,0,0.48799751
9/16/2016 3:32,29.04625698,0,0.48371683
9/16/2016 5:32,28.91793296,0,0.48157649
9/16/2016 7:32,28.91793296,0,0.48157649
9/16/2016 9:32,28.91793296,0,0.48157649
9/16/2016 13:32,28.40463687,0,0.473015131
9/16/2016 15:32,28.27631285,0,0.470874791
9/16/2016 17:32,28.27631285,0,0.470874791
9/16/2016 19:32,28.40463687,0,0.473015131
9/16/2016 21:32,28.66128492,0,0.47729581
9/17/2016 1:32,28.66128492,0,0.47729581
9/17/2016 5:32,28.53296089,0,0.47515547
9/17/2016 7:32,28.40463687,0,0.473015131
9/17/2016 9:32,28.40463687,0,0.473015131
9/17/2016 17:32,28.14798883,0,0.468734451
9/17/2016 19:32,28.14798883,0,0.468734451
9/17/2016 21:32,28.14798883,0,0.468734451
9/18/2016 1:32,28.0196648,0,0.466594111
9/18/2016 3:32,28.27631285,0,0.470874791
9/18/2016 5:32,28.27631285,0,0.470874791
9/18/2016 7:32,28.14798883,0,0.468734451
9/18/2016 13:32,27.76301676,0,0.462313431
9/18/2016 17:32,27.50636872,0,0.458032751
9/18/2016 19:32,27.63469274,0,0.460173091
9/18/2016 21:32,27.89134078,0,0.464453771
9/19/2016 3:32,27.63469274,0,0.460173091
9/19/2016 9:32,27.63469274,0,0.460173091
9/19/2016 13:32,27.37804469,0,0.455892411
9/19/2016 15:32,27.24972067,0,0.453752071
9/19/2016 17:32,27.24972067,0,0.453752071
9/19/2016 19:32,27.24972067,0,0.453752071
9/19/2016 21:32,27.37804469,0,0.455892411
9/20/2016 1:32,27.37804469,0,0.455892411
9/20/2016 5:32,27.50636872,0,0.458032751
9/20/2016 7:32,27.24972067,0,0.453752071
9/20/2016 9:32,27.24972067,0,0.453752071
9/20/2016 13:32,26.73642458,0,0.445190711
9/20/2016 15:32,26.8647486,0,0.447331051
9/20/2016 17:32,26.60810056,0,0.443050371
9/20/2016 19:32,26.60810056,0,0.443050371
9/21/2016 3:32,26.8647486,0,0.447331051
9/21/2016 5:32,26.8647486,0,0.447331051
9/21/2016 9:32,26.47977654,0,0.440910031
9/21/2016 13:32,25.96648045,0,0.432348671
9/21/2016 15:32,25.83815642,0,0.430208331
9/21/2016 19:32,25.96648045,0,0.432348671
9/21/2016 21:32,25.96648045,0,0.432348671
9/22/2016 1:32,25.96648045,0,0.432348671
9/22/2016 3:32,26.09480447,0,0.434489011
9/22/2016 7:32,26.09480447,0,0.434489011
9/22/2016 9:32,25.83815642,0,0.430208331
9/22/2016 13:32,25.19653631,0,0.419506632
9/22/2016 15:32,24.93988827,0,0.415225952
9/22/2016 17:32,25.06821229,0,0.417366292
9/22/2016 19:32,24.81156425,0,0.413085612
9/22/2016 21:32,24.93988827,0,0.415225952
9/23/2016 1:32,25.06821229,0,0.417366292
9/23/2016 3:32,25.06821229,0,0.417366292
9/23/2016 5:32,25.06821229,0,0.417366292
9/23/2016 15:32,24.16994413,0,0.402383912
9/23/2016 17:32,23.78497207,0,0.395962892
9/23/2016 19:32,23.91329609,0,0.398103232
9/24/2016 1:32,24.04162011,0,0.400243572
9/24/2016 3:32,24.04162011,0,0.400243572
9/24/2016 5:32,24.04162011,0,0.400243572
9/24/2016 7:32,24.16994413,0,0.402383912
9/24/2016 9:32,23.78497207,0,0.395962892
9/24/2016 13:32,23.01502793,0,0.383120852
9/24/2016 15:32,22.88670391,0,0.380980512
9/24/2016 17:32,22.75837989,0,0.378840172
9/24/2016 19:32,22.75837989,0,0.378840172
9/25/2016 1:32,22.88670391,0,0.380980512
9/25/2016 3:32,22.88670391,0,0.380980512
9/25/2016 5:32,22.88670391,0,0.380980512
9/25/2016 7:32,22.63005587,0,0.376699832
9/25/2016 9:32,22.37340782,0,0.372419153
9/25/2016 13:32,22.37340782,0,0.372419153
9/25/2016 15:32,22.11675978,0,0.368138473
9/25/2016 17:32,21.98843575,0,0.365998133
9/25/2016 19:32,21.98843575,0,0.365998133
9/25/2016 21:32,22.11675978,0,0.368138473
9/26/2016 1:32,21.98843575,0,0.365998133
9/26/2016 3:32,22.11675978,0,0.368138473
9/26/2016 5:32,22.11675978,0,0.368138473
9/26/2016 7:32,22.11675978,0,0.368138473
9/26/2016 9:32,21.98843575,0,0.365998133
9/26/2016 13:32,21.34681564,0,0.355296433
9/26/2016 15:32,21.21849162,0,0.353156093
9/26/2016 17:32,21.21849162,0,0.353156093
9/26/2016 19:32,21.21849162,0,0.353156093
9/27/2016 1:32,21.34681564,0,0.355296433
9/27/2016 3:32,21.34681564,0,0.355296433
9/27/2016 5:32,21.21849162,0,0.353156093
9/27/2016 9:32,21.0901676,0,0.351015753
9/27/2016 15:32,20.19189944,0,0.336033373
9/27/2016 17:32,20.19189944,0,0.336033373
9/27/2016 19:32,20.19189944,0,0.336033373
9/27/2016 21:32,20.32022346,0,0.338173713
9/28/2016 1:32,19.80692737,0,0.329612353
9/28/2016 5:32,19.80692737,0,0.329612353
9/28/2016 7:32,19.67860335,0,0.327472013
9/28/2016 9:32,19.42195531,0.907161804,0.323191334
9/28/2016 19:32,18.90865922,0,0.314629974
9/28/2016 21:32,18.90865922,0,0.314629974
9/29/2016 1:32,19.16530726,0,0.318910654
9/29/2016 3:32,19.16530726,0,0.318910654
9/29/2016 5:32,19.03698324,0,0.316770314
9/29/2016 9:32,19.03698324,0,0.316770314
9/29/2016 13:32,18.52368715,0,0.308208954
9/29/2016 17:32,18.26703911,0,0.303928274
9/29/2016 19:32,18.39536313,0,0.306068614
9/30/2016 5:32,18.52368715,0,0.308208954
9/30/2016 7:32,18.65201117,0,0.310349294
9/30/2016 9:32,18.52368715,0,0.308208954
9/30/2016 15:32,18.13871508,0,0.301787934
9/30/2016 17:32,18.26703911,0,0.303928274
9/30/2016 19:32,18.26703911,0,0.303928274
10/1/2016 3:32,18.26703911,0,0.303928274
10/1/2016 5:32,18.39536313,0,0.306068614
10/1/2016 7:32,18.39536313,0,0.306068614
10/1/2016 9:32,18.39536313,0,0.306068614
10/2/2016 5:32,18.39536313,0,0.306068614
10/3/2016 5:32,18.39536313,0,0.306068614
10/3/2016 17:32,17.49709497,0,0.291086234
10/4/2016 5:32,17.88206704,0,0.297507254
10/5/2016 17:33,17.36877095,0,0.288945894
10/7/2016 11:33,17.62541899,0,0.293226574
10/13/2016 8:35,0.173351955,0.983333333,0.00214034
10/13/2016 8:36,0.045027933,0,0
10/13/2016 8:37,7.359497207,0.5,0.121999378
10/13/2016 14:28,8.386089385,0,0.139122097
10/13/2016 20:28,8.386089385,0,0.139122097
10/14/2016 2:29,8.386089385,0,0.139122097
10/15/2016 2:29,8.129441341,0,0.134841417
10/15/2016 14:29,7.872793296,0,0.130560737
10/16/2016 2:29,8.129441341,0,0.134841417
10/16/2016 14:29,7.359497207,0,0.121999378
10/17/2016 2:29,7.616145251,0,0.126280057
10/17/2016 14:29,7.616145251,0,0.126280057
10/18/2016 2:29,8.001117318,0,0.132701077
10/18/2016 14:29,7.744469274,0,0.128420397
10/19/2016 2:29,8.001117318,0,0.132701077
10/19/2016 14:29,7.744469274,0,0.128420397
10/20/2016 2:29,8.129441341,0,0.134841417
10/21/2016 2:29,7.872793296,0,0.130560737
10/21/2016 14:29,7.744469274,0,0.128420397
10/22/2016 2:29,7.872793296,0,0.130560737
10/22/2016 14:29,7.872793296,0,0.130560737
10/23/2016 14:29,7.744469274,0,0.128420397
10/24/2016 14:29,7.872793296,0,0.130560737
10/25/2016 14:29,7.872793296,0,0.130560737
10/26/2016 2:29,8.129441341,0,0.134841417
10/26/2016 14:30,8.129441341,0,0.134841417
10/27/2016 14:30,8.001117318,0,0.132701077
10/27/2016 22:29,60,0.96,1
10/28/2016 0:29,60,0,1
10/28/2016 4:29,60,0,1
10/28/2016 6:29,60,0,1
10/28/2016 10:29,60,0,1
10/28/2016 22:29,60,0,1
10/29/2016 0:29,60,0,1
10/29/2016 2:29,60,0,1
10/29/2016 10:29,60,0,1
10/29/2016 14:29,60,0,1
10/29/2016 16:29,19.9352514,0,0.331752693
10/29/2016 18:29,18.26703911,0,0.303928274
10/29/2016 22:29,17.75374302,0,0.295366914
10/30/2016 0:29,17.36877095,0,0.288945894
10/30/2016 2:29,17.36877095,0,0.288945894
10/30/2016 4:29,17.88206704,0.6,0.297507254
10/30/2016 6:29,18.39536313,0,0.306068614
10/30/2016 10:29,18.7803352,0,0.312489634
10/30/2016 12:29,18.26703911,0,0.303928274
10/30/2016 16:29,19.29363128,0,0.321050994
10/30/2016 18:29,19.03698324,0,0.316770314
10/30/2016 22:29,19.29363128,0,0.321050994
10/31/2016 2:29,18.65201117,0,0.310349294
10/31/2016 4:29,18.52368715,0,0.308208954
10/31/2016 6:29,16.21385475,0,0.269682835
10/31/2016 12:29,16.47050279,0,0.273963515
10/31/2016 14:29,16.34217877,0,0.271823175
10/31/2016 18:29,16.21385475,0,0.269682835
10/31/2016 22:29,15.70055866,0,0.261121475
11/1/2016 2:29,15.82888268,0,0.263261815
11/1/2016 4:29,15.82888268,0,0.263261815
11/1/2016 10:29,15.70055866,0,0.261121475
11/1/2016 12:29,15.57223464,0,0.258981135
11/1/2016 14:29,15.82888268,0,0.263261815
11/1/2016 16:29,15.70055866,0,0.261121475
11/1/2016 18:30,15.05893855,0,0.250419775
11/1/2016 22:30,14.8022905,0,0.246139095
11/2/2016 0:30,14.8022905,0,0.246139095
11/2/2016 2:30,14.41731844,0,0.239718075
11/2/2016 6:30,14.41731844,0,0.239718075
11/2/2016 12:30,14.28899441,0,0.237577735
11/2/2016 14:30,14.16067039,0,0.235437395
11/2/2016 16:30,13.51905028,0,0.224735696
11/2/2016 18:30,13.77569832,0,0.229016375
11/3/2016 0:30,13.6473743,0,0.226876035
11/3/2016 2:30,13.90402235,0,0.231156715
11/3/2016 4:30,13.77569832,0,0.229016375
11/3/2016 6:30,13.26240223,0,0.220455016
11/3/2016 10:29,13.00575419,0,0.216174336
11/3/2016 12:29,13.13407821,0,0.218314676
11/3/2016 14:29,13.26240223,0,0.220455016
11/3/2016 16:29,13.90402235,0,0.231156715
11/3/2016 22:30,13.6473743,0,0.226876035
11/4/2016 0:30,13.51905028,0,0.224735696
11/4/2016 2:30,12.74910615,0,0.211893656
11/4/2016 4:30,12.23581006,0,0.203332296
11/4/2016 6:30,11.85083799,0,0.196911276
11/4/2016 10:30,11.72251397,0,0.194770936
11/4/2016 12:30,11.97916201,0,0.199051616
11/4/2016 16:30,12.36413408,0,0.205472636
11/4/2016 18:30,11.59418994,0,0.192630596
11/5/2016 0:30,12.10748603,0,0.201191956
11/5/2016 4:30,11.08089385,0,0.184069236
11/5/2016 6:30,11.72251397,0,0.194770936
11/5/2016 12:30,11.3375419,0,0.188349916
11/5/2016 14:30,11.46586592,0,0.190490256
11/5/2016 18:30,11.3375419,0,0.188349916
11/5/2016 22:30,10.56759777,0,0.175507876
11/6/2016 0:30,11.08089385,0,0.184069236
11/6/2016 2:30,10.82424581,0,0.179788556
11/6/2016 4:30,11.08089385,0,0.184069236
11/6/2016 10:30,10.82424581,0,0.179788556
11/6/2016 12:30,10.95256983,0,0.181928896
11/6/2016 16:30,10.95256983,0,0.181928896
11/6/2016 22:30,11.08089385,0,0.184069236
11/7/2016 0:30,10.95256983,0,0.181928896
11/7/2016 2:30,11.08089385,0.409090909,0.184069236
11/7/2016 8:32,10.95256983,0,0.181928896
11/7/2016 10:30,10.69592179,0,0.177648216
11/7/2016 12:30,10.82424581,0.024390244,0.179788556
11/7/2016 14:30,10.95256983,0,0.181928896
11/7/2016 15:38,10.95256983,0,0.181928896
11/7/2016 15:44,11.08089385,0,0.184069236
11/7/2016 15:48,10.95256983,0,0.181928896
11/8/2016 14:30,10.95256983,0,0.181928896
11/9/2016 2:30,10.95256983,0,0.181928896
11/9/2016 14:30,11.08089385,0,0.184069236
11/10/2016 14:30,10.69592179,0,0.177648216
11/11/2016 2:30,10.82424581,0,0.179788556
11/11/2016 14:30,15.05893855,0,0.250419775
11/12/2016 2:30,15.70055866,0,0.261121475
11/12/2016 14:30,16.08553073,0,0.267542495
11/13/2016 2:30,15.82888268,0,0.263261815
11/13/2016 14:31,15.57223464,0,0.258981135
11/14/2016 2:31,15.18726257,0,0.252560115
11/14/2016 14:31,14.93061453,0,0.248279435
11/15/2016 2:31,14.67396648,0,0.243998755
11/15/2016 12:25,14.8022905,0,0.246139095
11/15/2016 12:26,14.67396648,0,0.243998755
11/15/2016 12:26,14.54564246,0,0.241858415
11/15/2016 12:28,14.67396648,0,0.243998755
11/15/2016 14:31,14.41731844,0,0.239718075
11/16/2016 2:31,14.8022905,0,0.246139095
11/16/2016 14:31,14.67396648,0,0.243998755
11/17/2016 2:31,14.16067039,0,0.235437395
11/17/2016 14:31,13.77569832,0,0.229016375
11/18/2016 14:31,13.77569832,0,0.229016375
11/19/2016 2:31,13.51905028,0,0.224735696
11/19/2016 14:31,13.77569832,0,0.229016375
11/20/2016 2:31,13.51905028,0,0.224735696
11/20/2016 14:31,13.26240223,0,0.220455016
11/21/2016 2:31,13.77569832,0,0.229016375
11/21/2016 2:31,13.77569832,0,0.229016375
11/21/2016 14:31,13.77569832,0,0.229016375
11/22/2016 2:31,13.77569832,0,0.229016375
11/24/2016 2:31,13.6473743,0,0.226876035
11/24/2016 8:31,13.51905028,0,0.224735696
11/25/2016 2:31,13.77569832,0,0.229016375
11/25/2016 8:31,13.51905028,0,0.224735696
11/25/2016 14:31,13.77569832,0,0.229016375
11/26/2016 14:31,13.77569832,0,0.229016375
11/27/2016 2:31,14.03234637,0,0.233297055
11/27/2016 14:31,13.6473743,0,0.226876035
11/28/2016 2:31,13.6473743,0,0.226876035
11/29/2016 2:31,13.51905028,0,0.224735696
11/29/2016 14:31,13.51905028,0,0.224735696
11/30/2016 2:31,13.77569832,0,0.229016375
11/30/2016 14:31,13.51905028,0,0.224735696
12/1/2016 2:32,13.6473743,0,0.226876035
12/2/2016 2:32,13.77569832,0,0.229016375
12/2/2016 14:32,13.77569832,0,0.229016375
12/3/2016 2:32,13.77569832,0,0.229016375
12/4/2016 2:32,13.6473743,0,0.226876035
12/4/2016 14:32,13.51905028,0,0.224735696
12/5/2016 2:32,13.51905028,0,0.224735696
12/5/2016 14:32,13.39072626,0,0.222595356
12/6/2016 2:32,13.77569832,0,0.229016375
12/6/2016 14:32,13.51905028,0,0.224735696
12/8/2016 2:32,13.51905028,0,0.224735696
12/9/2016 2:32,13.51905028,0,0.224735696
12/9/2016 14:32,13.51905028,0,0.224735696
12/10/2016 14:32,13.77569832,0,0.229016375
12/11/2016 14:32,13.6473743,0,0.226876035
12/12/2016 2:32,13.51905028,0,0.224735696
12/12/2016 14:32,13.39072626,0,0.222595356
12/13/2016 2:32,13.26240223,0,0.220455016
12/13/2016 14:32,13.00575419,0,0.216174336
12/14/2016 2:32,12.74910615,0,0.211893656
12/14/2016 14:32,12.62078212,0,0.209753316
12/15/2016 2:32,12.4924581,0,0.207612976
12/15/2016 14:32,12.36413408,0,0.205472636
12/16/2016 14:32,12.4924581,0,0.207612976
12/17/2016 14:33,12.4924581,0,0.207612976
12/18/2016 2:33,12.4924581,0,0.207612976
12/18/2016 14:33,12.23581006,0,0.203332296
12/19/2016 2:33,12.23581006,0,0.203332296
12/19/2016 14:33,12.10748603,0,0.201191956
12/20/2016 2:33,12.62078212,0,0.209753316
12/20/2016 14:33,13.00575419,0,0.216174336
12/21/2016 2:33,15.70055866,0,0.261121475
12/21/2016 14:33,16.59882682,0,0.276103854
12/22/2016 2:33,17.24044693,0,0.286805554
12/22/2016 14:33,18.26703911,0,0.303928274
12/23/2016 2:33,18.52368715,0,0.308208954
12/23/2016 14:33,18.26703911,0,0.303928274
12/24/2016 2:33,18.52368715,0.953846154,0.308208954
12/25/2016 2:33,18.39536313,0,0.306068614
12/26/2016 2:33,23.4,0,0.389541872
12/26/2016 14:33,24.29826816,0,0.404524252
1/2/2017 14:34,24.29826816,0,0.404524252
1/3/2017 2:34,24.42659218,0,0.406664592
1/3/2017 14:34,24.16994413,0,0.402383912
1/4/2017 14:34,23.91329609,0,0.398103232
1/5/2017 2:34,23.27167598,0,0.387401532
1/6/2017 2:34,23.14335196,0,0.385261192
1/7/2017 2:34,23.14335196,0,0.385261192
1/7/2017 14:34,22.88670391,0,0.380980512
1/8/2017 2:34,22.63005587,0,0.376699832
1/9/2017 2:34,20.57687151,0,0.342454393
1/10/2017 2:34,20.32022346,0,0.338173713
1/10/2017 14:34,20.44854749,0,0.340314053
1/11/2017 2:34,20.32022346,0,0.338173713
1/12/2017 2:34,19.67860335,0,0.327472013
1/12/2017 14:34,20.06357542,0,0.333893033
1/13/2017 2:34,19.55027933,0,0.325331673
1/13/2017 14:34,19.55027933,0,0.325331673
1/14/2017 2:34,19.67860335,0,0.327472013
1/14/2017 14:34,19.29363128,0,0.321050994
1/15/2017 2:34,19.16530726,0,0.318910654
1/15/2017 14:34,18.7803352,0,0.312489634
1/16/2017 2:34,18.39536313,0,0.306068614
1/16/2017 14:34,18.26703911,0,0.303928274
1/17/2017 2:35,17.88206704,0,0.297507254
1/17/2017 14:35,18.01039106,0,0.299647594
1/18/2017 2:35,17.49709497,0,0.291086234
1/18/2017 14:35,16.98379888,0,0.282524874
1/19/2017 2:35,17.11212291,0,0.284665214
1/19/2017 14:35,16.72715084,0,0.278244194
1/19/2017 20:35,16.47050279,0,0.273963515
1/20/2017 2:35,16.21385475,0,0.269682835
1/20/2017 8:35,16.72715084,0,0.278244194
1/20/2017 14:35,16.34217877,0,0.271823175
1/21/2017 2:35,16.34217877,0,0.271823175
1/21/2017 14:35,15.9572067,0,0.265402155
1/22/2017 14:35,17.75374302,0,0.295366914
1/23/2017 2:35,17.62541899,0,0.293226574
1/23/2017 14:35,17.24044693,0,0.286805554
1/24/2017 2:35,17.24044693,0,0.286805554
1/24/2017 14:35,26.35145251,0,0.438769691
1/25/2017 2:35,31.09944134,0,0.51796227
1/25/2017 14:35,33.40927374,0,0.556488389
1/26/2017 14:35,31.35608939,0,0.52224295
1/27/2017 2:35,30.32949721,0.903846154,0.50512023
1/27/2017 14:35,29.6878771,0,0.49441853
1/28/2017 2:35,28.91793296,0,0.48157649
1/28/2017 8:35,28.53296089,0,0.47515547
1/28/2017 14:35,27.89134078,0,0.464453771
1/28/2017 20:35,27.63469274,0,0.460173091
1/29/2017 2:35,26.99307263,0,0.449471391
1/29/2017 14:35,25.7098324,0,0.428067991
1/30/2017 14:35,25.58150838,0,0.425927651
1/31/2017 8:36,24.93988827,0,0.415225952
1/31/2017 14:36,24.29826816,0,0.404524252
1/31/2017 20:36,23.52832402,0,0.391682212
2/1/2017 2:36,23.65664804,0,0.393822552
2/1/2017 14:36,23.14335196,0,0.385261192
2/2/2017 2:36,23.14335196,0,0.385261192
2/2/2017 20:36,21.98843575,0,0.365998133
2/3/2017 2:36,22.2450838,0,0.370278813
2/3/2017 14:36,21.60346369,0,0.359577113
2/4/2017 2:36,21.21849162,0,0.353156093
2/4/2017 14:36,20.70519553,0,0.344594733
2/5/2017 2:36,20.57687151,0,0.342454393
2/5/2017 8:36,20.44854749,0,0.340314053
2/5/2017 14:36,20.57687151,0,0.342454393
2/6/2017 2:36,19.80692737,0,0.329612353
2/6/2017 8:36,19.9352514,0,0.331752693
2/6/2017 14:36,19.42195531,0,0.323191334
2/6/2017 20:36,20.32022346,0,0.338173713
2/7/2017 2:36,20.57687151,0,0.342454393
2/7/2017 14:36,20.70519553,0,0.344594733
2/8/2017 2:36,20.44854749,0,0.340314053
2/8/2017 14:36,20.57687151,0,0.342454393
2/9/2017 2:36,19.80692737,0,0.329612353
2/9/2017 14:36,19.29363128,0,0.321050994
2/10/2017 2:36,18.65201117,0,0.310349294
2/10/2017 14:36,18.7803352,0,0.312489634
2/11/2017 14:36,18.26703911,0,0.303928274
2/12/2017 2:36,17.62541899,0,0.293226574
2/12/2017 14:36,17.49709497,0,0.291086234
2/13/2017 2:36,16.85547486,0,0.280384534
2/16/2017 2:36,16.98379888,0,0.282524874
2/16/2017 14:37,16.72715084,0,0.278244194
2/16/2017 20:37,16.59882682,0,0.276103854
2/17/2017 2:37,16.21385475,0,0.269682835
2/17/2017 14:37,16.34217877,0,0.271823175
2/18/2017 2:37,15.9572067,0,0.265402155
2/18/2017 14:37,15.70055866,0,0.261121475
2/19/2017 2:37,15.44391061,0,0.256840795
2/19/2017 8:37,15.70055866,0,0.261121475
2/19/2017 14:37,15.18726257,0,0.252560115
2/20/2017 2:37,15.05893855,0,0.250419775
2/20/2017 14:37,15.31558659,0,0.254700455
2/22/2017 2:37,14.54564246,0,0.241858415
2/22/2017 14:37,13.90402235,0,0.231156715
2/23/2017 14:37,13.90402235,0,0.231156715
2/24/2017 2:37,13.13407821,0,0.218314676
2/24/2017 14:37,13.00575419,0,0.216174336
2/25/2017 14:37,12.87743017,0,0.214033996
2/26/2017 2:37,13.51905028,0.798165138,0.224735696
2/26/2017 14:37,12.74910615,0,0.211893656
2/27/2017 2:37,13.00575419,0,0.216174336
2/27/2017 14:37,28.91793296,0,0.48157649
2/28/2017 2:37,27.37804469,0,0.455892411
2/28/2017 14:37,26.35145251,0,0.438769691
3/1/2017 2:37,25.06821229,0,0.417366292
3/1/2017 14:37,25.19653631,0,0.419506632
3/2/2017 2:37,24.29826816,0,0.404524252
3/2/2017 14:37,24.04162011,0,0.400243572
3/3/2017 14:37,23.27167598,0,0.387401532
3/4/2017 2:37,22.88670391,0,0.380980512
3/4/2017 14:37,23.01502793,0,0.383120852
3/5/2017 2:37,22.75837989,0,0.378840172
3/5/2017 14:38,22.63005587,0,0.376699832
3/7/2017 2:38,21.60346369,0,0.359577113
3/7/2017 14:38,20.96184358,0,0.348875413
3/8/2017 2:38,21.86011173,0,0.363857793
3/8/2017 14:38,21.34681564,0,0.355296433
3/9/2017 2:38,20.19189944,0,0.336033373
3/9/2017 14:38,19.9352514,0,0.331752693
3/10/2017 2:38,20.96184358,0,0.348875413
3/10/2017 14:38,19.80692737,0,0.329612353
3/11/2017 14:38,20.57687151,0,0.342454393
3/12/2017 2:38,18.65201117,0,0.310349294
3/13/2017 2:38,20.19189944,0,0.336033373
3/14/2017 2:38,19.42195531,0,0.323191334
3/14/2017 14:38,20.57687151,0,0.342454393
3/15/2017 2:38,22.2450838,0,0.370278813
3/15/2017 14:38,21.86011173,0,0.363857793
3/16/2017 2:38,19.67860335,0,0.327472013
3/17/2017 14:38,19.67860335,0,0.327472013
3/18/2017 2:38,19.67860335,0,0.327472013
3/18/2017 14:38,19.67860335,0,0.327472013
3/20/2017 2:38,19.67860335,0,0.327472013
